<?xml version="1.0" encoding="ISO-8859-1"?>
<project name="Fosstrak" xmlns="http://maven.apache.org/DECORATION/1.0.1" xmlns:xsi="http://www.w3.org/2001/XMLSchema-instance" xsi:schemaLocation="http://maven.apache.org/DECORATION/1.0.1 http://maven.apache.org/xsd/decoration-1.0.1.xsd">
  <body>

    <menu name="EPCIS Modules">
      <item name="EPCIS Repository" href="project-reports.html" collapse="false">
        <item name="Changes" href="changes-report.html"/>
        <item name="Surefire Report" href="surefire-report.html"/>
        <item name="Checkstyle" href="checkstyle.html"/>
        <item name="Dependencies" href="dependencies.html"/>
        <item name="Tag List" href="taglist.html"/>
        <item name="PMD Report" href="pmd.html"/>
        <item name="CPD Report" href="cpd.html"/>
        <item name="JavaNCSS Report" href="javancss.html"/>
      </item>
      <item name="EPCIS Query Client" href="../epcis-queryclient/project-reports.html" collapse="true">
        <item name="dummy"/>
      </item>
      <item name="EPCIS Capture Client" href="../epcis-captureclient/project-reports.html" collapse="true">
        <item name="dummy"/>
      </item>
      <item name="EPCIS Commons" href="../epcis-commons/project-reports.html" collapse="true">
        <item name="dummy"/>
      </item>
      <item name="EPCIS Interop Test" href="../epcis-interop-test/project-reports.html" collapse="true">
        <item name="dummy"/>
      </item>
    </menu>

  </body>
</project>