<?xml version="1.0"?>

<!DOCTYPE hibernate-mapping PUBLIC "-//Hibernate/Hibernate Mapping DTD 3.0//EN"	"http://hibernate.sourceforge.net/hibernate-mapping-3.0.dtd">

<hibernate-mapping package="org.fosstrak.epcis.repository.model">

	<class name="ReadPointAttrId" lazy="true" 
		proxy="org.fosstrak.epcis.repository.model.ReadPointAttrId"
		dynamic-update="false" dynamic-insert="false"
		select-before-update="false" table="voc_ReadPoint_attr">

		<composite-id name="VocabularyAttrCiD"
			class="org.fosstrak.epcis.repository.model.VocabularyAttrCiD" > 
			<key-property name="attribute" column="attribute" type="java.lang.String"></key-property>
			<key-property name="id" column="id" type="java.lang.Long"></key-property>
		</composite-id>
		
		<property name="value" type="java.lang.String" not-null="true"
			insert="true" update="true"></property>
	</class>
</hibernate-mapping>