<?xml version="1.0"?>

<!DOCTYPE hibernate-mapping PUBLIC "-//Hibernate/Hibernate Mapping DTD 3.0//EN"	"http://hibernate.sourceforge.net/hibernate-mapping-3.0.dtd">

<hibernate-mapping package="org.fosstrak.epcis.repository.model">

	<class name="ReadPointId" lazy="true" 
		proxy="org.fosstrak.epcis.repository.model.ReadPointId"
		dynamic-update="false" dynamic-insert="false"
		select-before-update="false" table="voc_ReadPoint">

		<id name="id">
			<generator class="native" />
		</id>
		
		<natural-id mutable="true"> 
			<property name="uri" type="java.lang.String" not-null="true" 
				insert="true" update="true" index="voc_ReadPoint_uri_ix"/>
		</natural-id>
		
	</class>

</hibernate-mapping>