<assembly xmlns="http://maven.apache.org/plugins/maven-assembly-plugin/assembly/1.1.0" xmlns:xsi="http://www.w3.org/2001/XMLSchema-instance" xsi:schemaLocation="http://maven.apache.org/plugins/maven-assembly-plugin/assembly/1.1.0 http://maven.apache.org/xsd/assembly-1.1.0.xsd">
  <id>bin-with-dependencies</id>
  <formats>
    <format>zip</format>
    <format>tar.gz</format>
  </formats>
  <fileSets>
    <fileSet>
      <includes>
        <include>README*</include>
        <include>LICENSE*</include>
        <include>NOTICE*</include>
      </includes>
    </fileSet>
    <fileSet>
      <directory>src/main/sql</directory>
      <outputDirectory></outputDirectory>
      <includes>
        <include>epcis_schema.sql</include>
        <include>epcis_demo_data.sql</include>
      </includes>
    </fileSet>
    <fileSet>
      <directory>target</directory>
      <outputDirectory></outputDirectory>
      <includes>
        <include>*.war</include>
      </includes>
    </fileSet>
  </fileSets>
</assembly>
