<?xml version='1.0' encoding='utf-8'?>

<!DOCTYPE hibernate-configuration
PUBLIC "-//Hibernate/Hibernate Configuration DTD 3.0//EN"
"http://hibernate.sourceforge.net/hibernate-configuration-3.0.dtd">

<hibernate-configuration>
  <session-factory>

    <property name="hibernate.connection.datasource">java:comp/env/jdbc/EPCISDB</property>
    <property name="hibernate.dialect">org.hibernate.dialect.MySQLDialect</property>
    <property name="hibernate.show_sql">false</property>
    <property name="hibernate.use_outer_join">true</property>
    <property name="hibernate.max_fetch_depth">3</property>
    <property name="hibernate.jdbc.batch_size">50</property>
    <property name="hibernate.connection.autocommit">false</property>
    <property name="hibernate.cache.use_second_level_cache">true</property>
    <property name="hibernate.cache.use_query_cache">false</property>
    <property name="hibernate.cache.provider_class">org.hibernate.cache.EhCacheProvider</property>
    <property name="hibernate.cache.use_structured_entries">true</property>
    <property name="hibernate.jdbc.use_get_generated_keys">true</property>
    <property name="hibernate.generate_statistics">true</property>
    <property name="hibernate.order_inserts">true</property>
    
    <mapping resource="org/fosstrak/epcis/repository/model/AggregationEvent.hbm.xml"/>
    <mapping resource="org/fosstrak/epcis/repository/model/BusinessLocationId.hbm.xml"/>
    <mapping resource="org/fosstrak/epcis/repository/model/BusinessStepId.hbm.xml"/>
    <mapping resource="org/fosstrak/epcis/repository/model/BusinessTransaction.hbm.xml"/>
    <mapping resource="org/fosstrak/epcis/repository/model/BusinessTransactionId.hbm.xml"/>
    <mapping resource="org/fosstrak/epcis/repository/model/BusinessTransactionTypeId.hbm.xml"/>
    <mapping resource="org/fosstrak/epcis/repository/model/DispositionId.hbm.xml"/>
    <mapping resource="org/fosstrak/epcis/repository/model/EPCClass.hbm.xml"/>
    <mapping resource="org/fosstrak/epcis/repository/model/ObjectEvent.hbm.xml"/>
    <mapping resource="org/fosstrak/epcis/repository/model/QuantityEvent.hbm.xml"/>
    <mapping resource="org/fosstrak/epcis/repository/model/ReadPointId.hbm.xml"/>
    <mapping resource="org/fosstrak/epcis/repository/model/TransactionEvent.hbm.xml"/>
    
    <mapping resource="org/fosstrak/epcis/repository/model/BusinessLocationAttrId.hbm.xml"/>
    <mapping resource="org/fosstrak/epcis/repository/model/BusinessStepAttrId.hbm.xml"/>
    <mapping resource="org/fosstrak/epcis/repository/model/BusinessTransactionAttrId.hbm.xml"/>
    <mapping resource="org/fosstrak/epcis/repository/model/BusinessTransactionTypeAttrId.hbm.xml"/>
    <mapping resource="org/fosstrak/epcis/repository/model/DispositionAttrId.hbm.xml"/>
    <mapping resource="org/fosstrak/epcis/repository/model/EPCClassAttrId.hbm.xml"/>
    <mapping resource="org/fosstrak/epcis/repository/model/ReadPointAttrId.hbm.xml"/>
    
    <class-cache class="org.fosstrak.epcis.repository.model.BusinessLocationId" usage="read-write"/>
    <class-cache class="org.fosstrak.epcis.repository.model.BusinessStepId" usage="read-write"/>
    <class-cache class="org.fosstrak.epcis.repository.model.BusinessTransactionTypeId" usage="read-write"/>
    <class-cache class="org.fosstrak.epcis.repository.model.DispositionId" usage="read-write"/>
    <class-cache class="org.fosstrak.epcis.repository.model.EPCClass" usage="read-write"/>
    <class-cache class="org.fosstrak.epcis.repository.model.ReadPointId" usage="read-write"/>
    
    <class-cache class="org.fosstrak.epcis.repository.model.BusinessLocationAttrId" usage="read-write"/>
    <class-cache class="org.fosstrak.epcis.repository.model.BusinessStepAttrId" usage="read-write"/>
    <class-cache class="org.fosstrak.epcis.repository.model.BusinessTransactionAttrId" usage="read-write"/>
    <class-cache class="org.fosstrak.epcis.repository.model.BusinessTransactionTypeAttrId" usage="read-write"/>
    <class-cache class="org.fosstrak.epcis.repository.model.DispositionAttrId" usage="read-write"/>
    <class-cache class="org.fosstrak.epcis.repository.model.EPCClassAttrId" usage="read-write"/>
    <class-cache class="org.fosstrak.epcis.repository.model.ReadPointAttrId" usage="read-write"/>

  </session-factory>
</hibernate-configuration>
